last_updated,avg_temp,avg_humidity,total_precip,avg_wind
2024-05-16,23.767195767195766,61.67989417989418,42.78,14.686507936507937
2024-05-17,24.451648351648352,59.76373626373626,26.77,13.989560439560439
2024-05-18,25.35560975609756,58.58536585365854,26.21,13.353658536585366
2024-05-19,25.270103092783504,60.36082474226804,31.61,13.74020618556701
2024-05-20,25.43076923076923,59.61025641025641,33.25,14.512820512820513
2024-05-21,25.38307692307692,60.77948717948718,29.08,15.496410256410257
2024-05-22,25.123076923076923,60.88205128205128,34.34,15.394358974358974
2024-05-23,25.066153846153846,61.287179487179486,33.5,14.11128205128205
2024-05-24,25.08871794871795,59.635897435897434,35.26,14.19025641025641
2024-05-25,25.249743589743588,59.84102564102564,42.49,13.922564102564102
2024-05-26,25.254358974358976,59.46666666666667,21.73,13.238974358974358
2024-05-27,25.66051282051282,58.0,39.01,14.625641025641025
2024-05-28,25.50051282051282,58.97435897435897,32.33,14.548717948717949
2024-05-29,25.575384615384614,58.55897435897436,22.72,13.87846153846154
2024-05-30,25.67282051282051,58.78974358974359,28.05,14.352820512820514
2024-05-31,25.849484536082475,58.9639175257732,49.88,14.503092783505155
2024-06-01,26.16102564102564,58.10769230769231,30.31,14.773333333333333
2024-06-02,25.89128205128205,59.47179487179487,26.84,14.271282051282052
2024-06-03,26.124102564102564,58.42051282051282,37.059999999999995,14.372307692307691
2024-06-04,26.25897435897436,57.88205128205128,24.72,13.907179487179487
2024-06-05,26.373333333333335,56.88717948717949,13.28,13.567692307692306
2024-06-06,26.538341968911915,56.50777202072539,12.21,13.454404145077719
2024-06-07,26.886666666666663,56.07179487179487,22.33,13.261025641025642
2024-06-08,26.554358974358976,58.87179487179487,34.95,13.94153846153846
2024-06-09,26.316410256410254,59.4,24.8,15.30051282051282
2024-06-10,25.674358974358974,61.774358974358975,27.97,14.855384615384617
2024-06-11,25.97025641025641,59.08717948717949,21.28,14.59025641025641
2024-06-12,26.093333333333334,58.635897435897434,22.58,13.301538461538463
2024-06-13,26.502564102564104,57.54871794871795,28.98,14.164102564102564
2024-06-14,25.623076923076923,58.276923076923076,30.83,13.415897435897435
2024-06-15,25.456410256410255,59.14358974358974,33.77,13.606153846153845
2024-06-16,25.875126903553298,58.974619289340104,57.78,13.282233502538071
2024-06-17,26.541578947368418,57.97894736842105,37.63,13.399473684210527
2024-06-18,26.87142857142857,58.26984126984127,50.39,13.206349206349206
2024-06-19,27.04973821989529,57.29319371727749,22.819999999999997,13.834031413612566
2024-06-20,26.70102564102564,58.53846153846154,30.16,14.644615384615383
2024-06-21,27.042021276595744,60.079787234042556,50.8,16.042021276595744
2024-06-22,26.922797927461144,59.50777202072539,21.259999999999998,15.16217616580311
2024-06-23,26.70923076923077,59.88717948717949,35.089999999999996,15.474871794871794
2024-06-24,26.613020833333334,59.838541666666664,26.98,13.722916666666668
2024-06-25,25.99060773480663,58.20441988950276,36.81,13.957458563535912
2024-06-26,27.04041450777202,59.67357512953368,21.23,14.427979274611399
2024-06-27,27.19179487179487,59.42051282051282,40.03,14.601538461538462
2024-06-28,26.993333333333332,59.63076923076923,27.39,14.868717948717949
2024-06-29,26.835858585858585,60.36868686868687,30.7,14.27979797979798
2024-06-30,26.914583333333336,59.822916666666664,29.84,14.458854166666667
2024-07-01,26.473333333333333,60.59487179487179,33.78,14.927179487179489
2024-07-02,26.28205128205128,60.256410256410255,35.99,14.37846153846154
2024-07-03,25.836923076923075,61.51282051282051,35.12,13.955384615384617
2024-07-04,25.997435897435896,61.08205128205128,29.39,14.776410256410257
2024-07-05,26.223232323232324,61.38383838383838,26.02,13.780303030303031
2024-07-06,26.813541666666666,58.8125,16.87,14.722916666666668
2024-07-07,26.304102564102564,61.215384615384615,40.65,14.053846153846154
2024-07-08,26.602564102564102,60.52307692307692,37.980000000000004,13.00102564102564
2024-07-09,27.33989898989899,58.656565656565654,20.22,12.692929292929293
2024-07-10,27.462500000000002,59.135416666666664,22.48,13.590625000000001
2024-07-11,27.44822335025381,60.06091370558376,26.18,13.55532994923858
2024-07-12,27.096858638743456,60.68062827225131,44.55,14.29109947643979
2024-07-13,26.632653061224488,60.755102040816325,26.64,14.645578231292518
2024-07-14,27.037628865979382,58.48453608247423,40.54,14.25
2024-07-15,26.993333333333332,59.42564102564103,28.72,12.698461538461537
2024-07-16,26.890404040404043,61.59090909090909,41.37,13.772727272727273
2024-07-17,27.336410256410257,59.87179487179487,25.55,13.524102564102563
2024-07-18,27.47948717948718,59.51282051282051,29.83,13.32102564102564
2024-07-19,27.661538461538463,60.194871794871794,36.13,14.221538461538461
2024-07-20,27.24051282051282,61.10769230769231,37.49,13.930769230769231
2024-07-21,20.599999999999998,76.0,2.31,12.6
2024-07-23,27.229268292682928,58.48780487804878,41.14,14.295731707317072
2024-07-24,26.61692307692308,58.16923076923077,35.05,14.552820512820514
2024-07-25,26.492820512820515,57.96410256410256,33.23,14.29897435897436
2024-07-26,26.397435897435898,58.87179487179487,24.09,13.871282051282051
2024-07-27,26.90153846153846,57.225641025641025,24.72,12.81128205128205
2024-07-28,26.76358974358974,56.805128205128206,23.26,14.693846153846154
2024-07-29,26.433505154639178,56.58762886597938,31.1,15.334020618556702
2024-07-30,26.62974358974359,56.66153846153846,33.22,14.030256410256412
2024-07-31,26.82153846153846,56.758974358974356,27.97,13.735897435897435
2024-08-01,27.01846153846154,57.0,34.05,14.20923076923077
2024-08-02,26.970769230769232,56.93333333333333,39.17,14.302564102564103
2024-08-03,26.50923076923077,58.46153846153846,29.66,14.721538461538461
2024-08-04,26.350769230769227,58.62051282051282,34.44,14.632307692307693
2024-08-05,26.3625641025641,58.4974358974359,31.38,13.886666666666667
2024-08-06,26.567179487179487,57.68205128205128,20.47,13.645641025641027
2024-08-07,26.723076923076924,57.00512820512821,21.42,13.354871794871794
2024-08-08,26.550256410256413,57.99487179487179,27.32,13.527179487179488
2024-08-09,26.737948717948715,58.34871794871795,39.75,14.374871794871794
2024-08-10,26.785128205128206,56.58974358974359,56.4,14.685641025641024
2024-08-11,27.089230769230767,56.03589743589744,26.169999999999998,13.932820512820513
2024-08-12,27.118461538461542,56.57435897435897,26.43,13.803076923076922
2024-08-13,27.163076923076925,56.54358974358974,38.33,14.596923076923078
2024-08-14,27.57846153846154,58.94358974358974,25.36,14.227692307692308
2024-08-15,27.544615384615383,60.3948717948718,34.28,13.90051282051282
2024-08-16,27.446153846153845,60.44615384615385,20.59,14.163076923076924
2024-08-17,27.246153846153845,61.68205128205128,38.54,13.72923076923077
2024-08-18,26.7774358974359,62.282051282051285,49.58,13.644615384615383
2024-08-19,26.64205128205128,62.302564102564105,34.38,13.817435897435898
2024-08-20,26.44871794871795,62.63076923076923,25.29,13.084615384615384
2024-08-21,26.576410256410256,61.16410256410256,39.15,14.121025641025641
2024-08-22,26.235897435897435,62.69230769230769,23.07,13.786666666666667
2024-08-23,26.468205128205128,62.266666666666666,30.74,13.98051282051282
2024-08-24,26.648717948717948,61.84615384615385,24.47,13.937948717948718
2024-08-25,26.56153846153846,61.68205128205128,33.14,14.393333333333333
2024-08-26,26.832307692307694,59.794871794871796,58.809999999999995,13.081538461538463
2024-08-27,26.993333333333332,60.697435897435895,19.27,13.39948717948718
2024-08-28,26.970769230769232,60.49230769230769,29.96,13.26974358974359
2024-08-29,26.68717948717949,60.8,19.52,12.928205128205128
2024-08-30,26.648717948717948,61.4974358974359,27.07,14.126666666666665
2024-08-31,26.227179487179487,62.51794871794872,49.83,14.11948717948718
2024-09-01,26.42051282051282,61.23076923076923,33.49,13.150769230769232
2024-09-02,26.504102564102563,61.0,33.31,13.552820512820514
2024-09-03,26.765463917525775,60.73711340206186,21.81,13.511340206185565
2024-09-04,26.515897435897436,61.11282051282051,29.330000000000002,12.88974358974359
2024-09-05,26.396410256410256,60.287179487179486,23.4,13.691794871794873
2024-09-06,26.27179487179487,60.97948717948718,24.23,13.434358974358974
2024-09-07,26.685641025641026,59.733333333333334,52.64,13.271282051282052
2024-09-08,26.764102564102565,58.99487179487179,31.73,13.944615384615384
2024-09-09,25.615384615384617,63.15384615384615,53.31,14.028717948717949
2024-09-10,25.594871794871796,62.17948717948718,30.650000000000002,15.224615384615385
2024-09-11,25.543589743589745,61.82051282051282,30.95,14.243076923076924
2024-09-12,25.514871794871794,61.87692307692308,52.85,13.882564102564102
2024-09-13,25.06102564102564,64.3025641025641,51.65,14.422051282051283
2024-09-14,24.98769230769231,61.85641025641026,28.25,15.011794871794873
2024-09-15,24.75897435897436,61.84102564102564,33.8,14.041538461538462
2024-09-16,24.721999999999998,63.125,33.11,13.728
2024-09-17,24.630769230769232,64.39487179487179,25.04,12.908717948717948
2024-09-18,24.596954314720815,65.52791878172589,21.35,11.99238578680203
2024-09-19,24.957948717948717,64.02051282051282,22.77,12.151794871794872
2024-09-20,24.477720207253885,64.94300518134715,37.36,12.22279792746114
2024-09-21,24.703076923076924,63.733333333333334,22.51,12.213333333333333
2024-09-22,24.520812182741118,64.60406091370558,26.94,11.723350253807107
2024-09-23,24.276410256410255,66.0,28.68,11.592820512820513
2024-09-24,24.29025641025641,64.88205128205128,30.06,11.906666666666668
2024-09-25,24.28410256410256,66.66666666666667,53.83,12.606666666666667
2024-09-26,24.51025641025641,67.01538461538462,33.53,14.363076923076925
2024-09-27,24.364615384615387,66.56923076923077,39.05,13.84769230769231
2024-09-28,23.916410256410256,65.66666666666667,22.85,12.97846153846154
2024-09-29,23.3774358974359,65.02051282051282,26.310000000000002,12.59948717948718
2024-09-30,22.726666666666667,66.24102564102564,23.87,11.949743589743589
2024-10-01,22.98051282051282,65.08205128205128,22.69,12.930769230769231
2024-10-02,22.864615384615387,67.43589743589743,25.68,11.812307692307693
2024-10-03,22.663076923076925,67.62564102564103,27.24,12.183076923076921
2024-10-04,22.30205128205128,66.91794871794872,33.65,11.823076923076924
2024-10-05,22.5774358974359,66.73333333333333,19.27,11.231794871794872
2024-10-06,22.600512820512822,67.56923076923077,27.21,11.341025641025642
2024-10-07,23.10871794871795,66.50256410256411,29.15,11.277435897435897
2024-10-08,23.418041237113403,66.48453608247422,39.23,12.83917525773196
2024-10-09,23.303589743589743,67.4,29.9,12.98974358974359
2024-10-10,23.361025641025638,66.37948717948719,47.22,13.702051282051283
2024-10-11,22.91128205128205,66.17948717948718,32.54,11.49076923076923
2024-10-12,22.596923076923076,65.97435897435898,23.11,11.94051282051282
2024-10-13,22.395897435897435,66.31282051282051,22.31,12.440000000000001
2024-10-14,22.437435897435897,66.66153846153846,21.35,11.90974358974359
2024-10-15,22.241538461538465,68.46153846153847,16.71,11.922564102564102
2024-10-16,22.16717948717949,67.76923076923077,15.43,11.70102564102564
2024-10-17,21.925128205128203,68.74871794871795,23.93,12.473333333333334
2024-10-18,22.133333333333333,67.12820512820512,18.73,12.22051282051282
2024-10-19,21.99948717948718,66.40512820512821,30.07,12.507692307692308
2024-10-20,22.120512820512822,65.48717948717949,51.19,12.89897435897436
2024-10-21,22.025128205128205,65.62564102564103,17.85,13.243076923076924
2024-10-22,22.13179487179487,65.97435897435898,33.26,12.836923076923076
2024-10-23,21.815384615384616,67.41025641025641,19.34,12.887692307692307
2024-10-24,22.25204678362573,63.801169590643276,9.290000000000001,13.27251461988304
2024-10-25,22.014871794871794,66.0974358974359,29.2,13.062564102564101
2024-10-26,21.755384615384617,66.4,16.97,12.813846153846153
2024-10-27,21.835897435897436,66.92820512820512,13.68,12.182564102564102
2024-10-28,21.717435897435895,66.54871794871795,17.04,12.639487179487178
2024-10-29,21.547179487179488,65.94871794871794,13.9,11.39025641025641
2024-10-30,21.604102564102565,67.11282051282052,7.87,10.662051282051282
2024-10-31,21.584615384615386,67.58461538461539,22.060000000000002,10.862564102564102
2024-11-01,21.841104294478527,63.392638036809814,25.72,12.853987730061348
2024-11-02,21.365641025641025,65.83589743589744,39.39,12.122564102564104
2024-11-03,21.174871794871798,64.60512820512821,18.79,12.130256410256411
2024-11-04,20.73897435897436,64.68205128205128,25.8,11.639487179487178
2024-11-05,20.433333333333334,65.7948717948718,67.25,11.979999999999999
2024-11-06,20.474742268041236,65.69072164948453,20.47,11.521649484536082
2024-11-07,20.144102564102564,66.52820512820513,19.62,12.234358974358974
2024-11-08,20.03076923076923,67.34358974358975,31.64,11.671794871794871
2024-11-09,20.08,66.12307692307692,22.21,11.372820512820512
2024-11-10,19.782564102564102,67.50256410256411,14.530000000000001,10.94153846153846
2024-11-11,19.773846153846154,68.02564102564102,25.26,11.057948717948719
2024-11-12,19.344102564102563,69.16923076923077,23.39,11.374871794871794
2024-11-13,19.142564102564105,71.15897435897436,19.830000000000002,10.928717948717948
2024-11-14,19.236923076923077,71.83076923076923,33.68,11.786153846153846
2024-11-15,19.09897435897436,70.87692307692308,23.07,11.474358974358974
2024-11-16,19.333846153846153,68.61025641025641,30.06,11.986153846153847
2024-11-17,19.144102564102564,67.55384615384615,24.56,12.014871794871794
2024-11-18,19.002051282051283,69.44615384615385,23.28,12.277948717948718
2024-11-19,19.00307692307692,69.8923076923077,36.03,12.00923076923077
2024-11-20,19.281538461538464,69.64615384615385,31.34,13.22051282051282
2024-11-21,18.331282051282052,69.33846153846154,20.54,13.243076923076924
2024-11-22,18.455897435897437,68.04102564102564,35.35,12.963076923076924
2024-11-23,18.193846153846156,66.81538461538462,28.709999999999997,13.181538461538462
2024-11-24,18.366666666666667,67.17435897435898,23.0,13.715384615384615
2024-11-25,18.68717948717949,68.23589743589744,17.3,14.012307692307692
2024-11-26,18.755897435897435,68.81538461538462,24.759999999999998,12.606666666666667
2024-11-27,18.277435897435897,71.23589743589744,23.86,11.869743589743589
2024-11-28,18.77098445595855,67.44041450777202,24.4,12.221761658031088
2024-11-29,18.482233502538072,69.28426395939087,15.78,11.820812182741117
2024-11-30,18.39333333333333,67.04615384615384,20.07,12.33128205128205
2024-12-01,18.395360824742266,65.61855670103093,12.709999999999999,13.302577319587629
2024-12-02,18.418877551020408,66.47448979591837,14.1,12.922448979591838
2024-12-03,18.281443298969073,66.74226804123711,30.0,11.825257731958763
2024-12-04,18.320408163265306,65.90306122448979,20.81,12.553061224489797
2024-12-05,18.206153846153846,66.53333333333333,27.82,13.57897435897436
2024-12-06,18.403076923076924,65.63589743589743,17.759999999999998,13.283589743589744
2024-12-07,18.239487179487178,66.91794871794872,14.77,13.905641025641025
2024-12-08,17.815897435897437,67.53846153846153,30.06,13.991282051282052
2024-12-09,17.704123711340205,66.64432989690722,19.73,12.608762886597937
2024-12-10,17.984020618556702,67.10309278350516,17.759999999999998,12.527835051546392
2024-12-11,17.92994923857868,67.34010152284264,21.46,12.918274111675128
2024-12-12,17.965463917525774,66.04639175257732,15.610000000000001,12.687113402061856
2024-12-13,17.552820512820514,65.68205128205128,14.540000000000001,12.408717948717948
2024-12-14,17.450259067357514,66.51295336787565,22.81,13.435233160621761
2024-12-15,17.516751269035534,67.20812182741116,16.51,14.650761421319796
2024-12-16,18.011282051282052,64.24615384615385,18.81,14.455384615384617
2024-12-17,18.443076923076923,63.87692307692308,17.54,13.084615384615384
2024-12-18,18.094897959183672,64.91326530612245,20.03,13.605612244897959
2024-12-19,17.89076923076923,64.06666666666666,25.47,13.636923076923075
2024-12-20,17.481538461538463,64.07179487179488,22.36,14.471282051282051
2024-12-21,16.937948717948718,64.62564102564103,28.080000000000002,14.115384615384615
2024-12-22,16.888205128205126,63.08205128205128,25.57,14.327692307692308
2024-12-23,17.05721649484536,63.15979381443299,55.629999999999995,13.99278350515464
2024-12-24,17.224999999999998,65.00510204081633,19.66,12.616326530612247
2024-12-25,17.15076923076923,66.49743589743589,30.509999999999998,12.940000000000001
2024-12-26,17.56,63.85128205128205,22.89,12.670256410256409
2024-12-27,17.404102564102566,67.16410256410256,15.700000000000001,12.198461538461537
2024-12-28,17.40360824742268,66.62886597938144,14.34,11.086082474226803
2024-12-29,17.554081632653062,66.78061224489795,13.72,11.39642857142857
2024-12-30,17.65076923076923,66.52820512820513,21.97,11.962564102564102
2024-12-31,17.367179487179488,66.7897435897436,22.57,11.86
2025-01-01,17.488205128205127,67.04615384615384,22.58,13.393333333333333
2025-01-02,17.343076923076925,65.53846153846153,38.160000000000004,13.218461538461538
2025-01-03,16.888205128205126,67.1076923076923,36.63,13.574871794871795
2025-01-04,16.527179487179488,65.88205128205128,19.35,12.364102564102565
2025-01-05,16.781025641025643,67.11794871794872,34.08,12.949230769230768
2025-01-06,17.495876288659794,67.69072164948453,39.9,14.301030927835052
2025-01-07,17.169811320754718,63.83018867924528,18.46,13.038364779874213
2025-01-08,17.76923076923077,67.0,27.69,13.006666666666668
2025-01-09,17.927692307692308,66.12820512820512,21.36,12.855384615384617
2025-01-10,17.52680412371134,67.26288659793815,43.02,12.647938144329895
2025-01-11,17.038265306122447,67.42857142857143,26.6,13.10357142857143
2025-01-12,16.39076923076923,67.87179487179488,27.96,12.246153846153845
2025-01-13,16.84974358974359,64.75897435897436,14.0,12.61076923076923
2025-01-14,16.92435233160622,64.70984455958549,19.59,12.718652849740932
2025-01-15,17.14213197969543,66.65989847715736,16.68,11.701522842639593
2025-01-16,17.17846153846154,67.6974358974359,19.61,12.40051282051282
2025-01-17,17.0374358974359,67.7025641025641,16.42,12.812820512820513
2025-01-18,16.956701030927835,66.85051546391753,15.47,12.811340206185568
2025-01-19,16.756923076923076,68.58974358974359,26.580000000000002,11.93128205128205
2025-01-20,17.04102564102564,68.76923076923077,20.07,11.830769230769231
2025-01-21,17.22,67.7025641025641,13.44,12.364615384615384
2025-01-22,17.178974358974358,70.0923076923077,18.39,12.218974358974359
2025-01-23,17.50307692307692,69.68205128205128,35.54,13.584615384615384
2025-01-24,17.864615384615384,68.1025641025641,19.86,13.498461538461537
2025-01-25,18.163076923076925,67.6923076923077,24.0,12.97025641025641
2025-01-26,18.03948717948718,67.11282051282052,21.39,13.904102564102566
2025-01-27,18.305641025641027,66.49743589743589,32.18,14.307692307692308
2025-01-28,18.192146596858638,66.91099476439791,23.91,14.443979057591624
2025-01-29,18.263636363636362,66.95454545454545,25.2,13.916161616161617
2025-01-30,18.02,67.14358974358974,20.03,13.298461538461538
2025-01-31,18.151282051282053,66.83589743589744,14.81,13.161025641025642
2025-02-01,17.896923076923077,66.03076923076924,21.72,12.854358974358973
2025-02-02,17.59897435897436,65.75384615384615,12.889999999999999,12.824615384615386
2025-02-03,17.62153846153846,64.23076923076923,17.97,13.073333333333334
2025-02-04,17.39897435897436,63.51282051282051,17.84,12.570256410256409
2025-02-05,17.405641025641025,64.0923076923077,15.01,14.126666666666665
2025-02-06,17.254358974358976,64.96410256410256,17.13,14.244615384615384
2025-02-07,16.95897435897436,64.23589743589744,15.24,15.552307692307691
2025-02-08,17.07948717948718,64.46666666666667,16.11,14.056923076923077
2025-02-09,16.93076923076923,66.57948717948717,11.57,12.351282051282052
2025-02-10,16.886666666666667,66.63589743589743,20.89,12.679487179487179
2025-02-11,17.142564102564105,66.7948717948718,22.64,13.105128205128205
2025-02-12,17.09025641025641,67.33846153846154,24.64,13.4
2025-02-13,17.57897435897436,68.35897435897436,33.2,13.456410256410257
2025-02-14,17.325641025641026,69.35384615384615,20.1,13.08051282051282
2025-02-15,17.278350515463917,66.03092783505154,26.89,13.368041237113403
2025-02-16,16.791794871794874,67.44615384615385,20.73,12.250769230769231
2025-02-17,17.16958762886598,67.58762886597938,23.470000000000002,12.930927835051547
2025-02-18,17.17230769230769,65.42564102564103,31.400000000000002,13.044102564102564
2025-02-19,17.19128205128205,65.02564102564102,21.51,13.21128205128205
2025-02-20,17.083076923076923,68.64102564102564,26.95,13.68
2025-02-21,17.634358974358975,65.93333333333334,19.62,14.561538461538461
2025-02-22,17.705128205128204,64.66666666666667,29.12,14.082051282051282
2025-02-23,17.83025641025641,64.27179487179487,23.65,13.512820512820513
2025-02-24,17.608205128205128,65.6974358974359,19.96,13.65948717948718
2025-02-25,17.755670103092783,67.92268041237114,20.89,14.1159793814433
2025-02-26,17.85948717948718,66.34358974358975,27.31,12.923076923076923
2025-02-27,18.18974358974359,66.0974358974359,26.75,12.429743589743591
2025-02-28,18.45179487179487,67.49230769230769,15.67,12.202051282051283
2025-03-01,18.357435897435895,68.32307692307693,20.26,12.524102564102563
2025-03-02,18.396923076923077,67.6923076923077,22.0,13.454358974358973
2025-03-03,18.55128205128205,63.98461538461538,26.7,13.181025641025641
2025-03-04,18.706153846153846,64.12307692307692,17.7,13.465128205128204
2025-03-05,19.599484536082475,63.47422680412371,19.32,13.806701030927835
2025-03-06,20.14,62.743589743589745,16.99,13.767179487179487
2025-03-07,19.95128205128205,62.83589743589744,20.82,12.893846153846155
2025-03-08,20.015979381443298,63.57216494845361,61.7,12.718041237113402
2025-03-09,20.011794871794873,62.758974358974356,26.599999999999998,11.852307692307692
2025-03-10,20.41025641025641,64.48717948717949,25.82,12.062051282051282
2025-03-11,20.267179487179487,67.46666666666667,32.89,12.806666666666668
2025-03-12,20.171282051282052,67.6,28.950000000000003,13.328717948717948
2025-03-13,20.435751295336786,64.77720207253886,24.17,13.512435233160621
2025-03-14,20.284102564102565,64.02564102564102,23.32,13.224615384615385
2025-03-15,20.33794871794872,64.77435897435898,24.06,12.683076923076921
2025-03-16,20.30717948717949,62.733333333333334,23.69,13.084615384615384
2025-03-17,19.981538461538463,61.54871794871795,17.16,13.165128205128203
2025-03-18,19.64769230769231,59.84102564102564,23.46,13.863076923076925
2025-03-19,19.56923076923077,61.13846153846154,27.04,13.916410256410256
2025-03-20,20.054358974358973,61.764102564102565,19.22,13.586666666666668
2025-03-21,20.30666666666667,62.48717948717949,23.62,13.822051282051284
2025-03-22,20.487179487179485,62.292307692307695,18.79,13.963076923076924
2025-03-23,20.54820512820513,63.45128205128205,29.85,14.448717948717949
2025-03-24,20.52923076923077,66.17435897435898,35.29,13.6
2025-03-25,20.61846153846154,66.95897435897436,15.22,12.943076923076923
2025-03-26,20.72,66.71794871794872,30.11,11.824102564102564
2025-03-27,20.824102564102564,65.1948717948718,29.17,12.953333333333333
2025-03-28,20.754871794871793,65.24615384615385,34.03,13.691794871794873
2025-03-29,20.75076923076923,64.34871794871795,28.67,13.463076923076924
2025-03-30,21.08153846153846,62.92307692307692,21.72,14.039487179487178
2025-03-31,21.136923076923075,63.01538461538462,23.54,13.656923076923077
2025-04-01,21.28153846153846,62.38461538461539,29.85,14.766153846153847
2025-04-02,21.32153846153846,62.85128205128205,26.39,13.923076923076923
2025-04-03,21.67128205128205,61.794871794871796,28.53,13.551282051282051
2025-04-04,22.06820512820513,60.00512820512821,29.16,13.9
2025-04-05,20.81897435897436,64.04102564102564,26.46,14.013333333333334
2025-04-06,20.452820512820512,61.66153846153846,37.99,13.975384615384614
2025-04-07,21.023589743589746,59.23076923076923,21.01,13.34051282051282
2025-04-08,21.385128205128208,60.16923076923077,33.81,12.482564102564103
2025-04-09,21.585128205128207,60.748717948717946,26.080000000000002,13.466666666666667
2025-04-10,21.102564102564102,63.1025641025641,23.1,14.355897435897436
2025-04-11,21.083076923076923,62.656410256410254,26.76,14.356410256410257
2025-04-12,21.145641025641023,63.98461538461538,35.02,13.23025641025641
2025-04-13,21.083076923076923,64.81025641025641,22.76,13.797435897435898
2025-04-14,22.204102564102566,63.312820512820515,19.91,13.370769230769232
2025-04-15,21.972820512820512,65.66153846153846,20.3,14.520000000000001
2025-04-16,21.727692307692305,64.77948717948718,26.66,14.136923076923075
2025-04-17,22.252307692307692,63.44615384615385,18.89,14.133846153846154
2025-04-18,22.25333333333333,65.2974358974359,39.42,13.198461538461537
2025-04-19,21.817435897435896,64.97435897435898,24.11,13.032820512820514
2025-04-20,22.18102564102564,64.53333333333333,18.17,12.124615384615385
2025-04-21,23.021538461538462,62.717948717948715,25.91,11.734871794871795
2025-04-22,23.707179487179484,61.51794871794872,26.22,12.22051282051282
2025-04-23,23.03846153846154,64.34358974358975,26.28,12.552307692307691
2025-04-24,22.68871794871795,64.8,24.82,13.304102564102566
2025-04-25,22.495384615384616,65.03076923076924,19.23,12.754358974358974
2025-04-26,22.574871794871797,63.8974358974359,21.669999999999998,13.276923076923078
2025-04-27,22.387179487179488,62.748717948717946,11.79,12.504615384615384
2025-04-28,23.335897435897436,60.09230769230769,17.51,12.973333333333334
2025-04-29,22.558461538461536,62.97948717948718,24.8,12.097948717948718
2025-04-30,22.712820512820514,63.246153846153845,25.04,12.035897435897436
2025-05-01,23.175384615384615,63.56923076923077,16.13,11.907692307692308
2025-05-02,23.31025641025641,62.646153846153844,42.46,12.807179487179488
2025-05-03,23.464102564102564,62.01538461538462,22.37,12.201538461538462
2025-05-04,22.564102564102566,65.21538461538462,28.38,12.809230769230771
2025-05-05,22.462886597938144,65.50515463917526,28.46,12.885567010309279
2025-05-06,22.558461538461536,64.26666666666667,26.150000000000002,13.545128205128206
2025-05-07,22.58871794871795,63.37435897435898,31.76,13.345128205128207
2025-05-08,22.56820512820513,63.86666666666667,25.98,12.815384615384616
2025-05-09,23.151794871794873,61.21025641025641,32.04,13.071794871794872
2025-05-10,23.143076923076922,62.93846153846154,27.79,12.395384615384614
2025-05-11,23.115897435897438,62.215384615384615,20.84,12.265641025641026
2025-05-12,23.325128205128202,62.297435897435896,13.88,13.317435897435898
2025-05-13,23.772307692307695,60.42564102564103,38.61,13.336923076923076
2025-05-14,23.369743589743592,62.728205128205126,22.47,13.228717948717948
2025-05-15,22.83948717948718,65.0051282051282,25.45,14.207179487179488
2025-05-16,22.825128205128202,64.03076923076924,22.5,14.31076923076923
2025-05-17,23.173711340206186,64.20103092783505,28.65,14.502061855670103
2025-05-18,23.005641025641026,65.51282051282051,41.08,14.098461538461537
2025-05-19,23.437435897435897,64.3025641025641,30.29,13.656923076923077
2025-05-20,23.914871794871793,63.707692307692305,20.88,13.403589743589743
2025-05-21,23.932402234636868,62.67039106145251,27.76,13.331284916201119
2025-05-22,23.903076923076924,63.764102564102565,32.1,12.956410256410257
2025-05-23,23.201538461538462,65.22051282051282,22.78,13.966666666666667
2025-05-24,23.054871794871794,65.15384615384616,33.53,12.795897435897436
2025-05-25,23.267692307692307,64.88717948717948,31.84,13.283076923076923
2025-05-26,23.82717948717949,64.8051282051282,28.48,14.04205128205128
2025-05-27,23.8625641025641,64.27692307692308,28.9,13.78923076923077
2025-05-28,23.973846153846154,63.38974358974359,23.65,13.440000000000001
2025-05-29,23.799487179487176,64.48205128205129,49.300000000000004,14.36
2025-05-30,23.721025641025644,63.69230769230769,35.61,13.932820512820513
2025-05-31,24.277948717948718,62.84615384615385,27.29,13.072307692307692
2025-06-01,24.325128205128202,62.65128205128205,17.94,13.212820512820512
2025-06-02,24.507179487179485,62.225641025641025,17.27,13.737435897435898
2025-06-03,24.394871794871793,61.91282051282051,17.44,15.04820512820513
2025-06-04,24.285051546391752,63.628865979381445,26.88,14.514948453608248
2025-06-05,24.59179487179487,63.353846153846156,20.84,13.12974358974359
2025-06-06,24.623589743589747,63.738461538461536,17.2,13.108717948717947
2025-06-07,24.7,63.815384615384616,26.2,12.516410256410255
2025-06-08,24.782564102564105,62.246153846153845,17.41,13.808717948717948
2025-06-09,24.349230769230772,63.297435897435896,33.9,14.302564102564103
2025-06-10,24.492820512820515,62.687179487179485,26.12,14.518974358974358
2025-06-11,24.647938144329895,63.02061855670103,30.09,13.650515463917525
2025-06-12,24.766153846153845,63.215384615384615,32.28,13.402051282051282
2025-06-13,25.085128205128207,62.728205128205126,20.12,13.135897435897435
2025-06-14,25.236597938144328,62.48453608247423,27.95,13.587113402061856
2025-06-15,25.099487179487177,62.764102564102565,20.11,13.20051282051282
2025-06-16,25.00051282051282,63.86153846153846,35.5,13.442051282051281
2025-06-17,25.032307692307693,64.46666666666667,16.68,13.664102564102564
2025-06-18,25.4774358974359,63.4,20.19,13.518461538461539
2025-06-19,25.409743589743588,62.712820512820514,16.87,13.894871794871795
2025-06-20,24.993333333333332,62.05641025641026,21.64,13.982564102564103
2025-06-21,25.109743589743587,60.266666666666666,18.96,13.148717948717948
2025-06-22,25.1319587628866,61.58247422680412,17.9,13.509278350515466
2025-06-23,24.97948717948718,63.83076923076923,26.6,14.003589743589743
2025-06-24,25.143589743589743,62.241025641025644,21.75,14.907692307692308
2025-06-25,25.38051282051282,62.6,19.69,14.765128205128205
2025-06-26,25.435897435897434,63.40512820512821,42.33,13.88871794871795
2025-06-27,25.328205128205127,64.32307692307693,23.49,12.682564102564102
2025-06-28,25.28974358974359,65.12307692307692,48.68,13.415897435897435
2025-06-29,25.44666666666667,63.723076923076924,22.64,14.22102564102564
2025-06-30,25.693846153846156,62.08205128205128,13.69,15.10102564102564
2025-07-01,25.72820512820513,61.48717948717949,20.58,14.15846153846154
2025-07-02,25.45025641025641,63.17948717948718,28.29,14.071282051282052
2025-07-03,25.291282051282053,64.26153846153846,30.82,13.659999999999998
2025-07-04,25.194871794871794,63.01025641025641,40.15,14.407179487179487
2025-07-05,25.194358974358973,63.04615384615385,45.550000000000004,13.122564102564104
2025-07-06,25.991282051282052,61.96410256410256,28.69,13.42
2025-07-07,25.11855670103093,65.52061855670104,41.22,13.061855670103093
2025-07-08,24.62923076923077,66.66666666666667,58.24,13.982564102564103
2025-07-09,24.542564102564103,65.03589743589744,43.28,14.175897435897436
2025-07-10,24.616410256410255,64.07692307692308,31.05,14.104615384615386
2025-07-11,24.763076923076923,64.65641025641025,55.45,13.935384615384615
2025-07-12,24.941538461538464,64.39487179487179,23.259999999999998,12.740512820512821
2025-07-13,25.44923076923077,64.82051282051282,18.61,12.383589743589745
2025-07-14,25.61025641025641,65.2051282051282,33.5,12.46102564102564
2025-07-15,25.38505154639175,66.10309278350516,26.04,13.380927835051548
2025-07-16,25.48923076923077,64.68205128205128,26.73,12.937948717948718
2025-07-17,25.28153846153846,65.47692307692307,29.830000000000002,13.124102564102563
2025-07-18,25.476923076923075,64.0051282051282,19.44,12.532820512820514
2025-07-19,25.382564102564103,65.63589743589743,21.05,13.392820512820512
2025-07-20,25.556923076923077,65.93846153846154,29.65,13.581538461538463
2025-07-21,25.674871794871798,65.9948717948718,41.26,13.318461538461538
2025-07-22,25.455897435897434,66.9948717948718,59.86,12.953846153846154
2025-07-23,25.65794871794872,65.57435897435897,31.57,13.658974358974358
2025-07-24,25.855384615384615,64.62051282051281,17.4,13.946666666666665
2025-07-25,25.86820512820513,63.717948717948715,21.45,13.492820512820513
2025-07-26,25.71128205128205,65.88717948717948,37.85,12.79948717948718
2025-07-27,25.40153846153846,66.92307692307692,44.06,13.003589743589743
2025-07-28,24.90820512820513,68.3076923076923,41.75,13.996923076923077
2025-07-29,24.931282051282054,66.8923076923077,24.34,14.25025641025641
2025-07-30,24.668717948717948,66.27179487179487,30.94,12.946153846153846
2025-07-31,25.010309278350515,65.01030927835052,30.02,13.911340206185567
2025-08-01,24.653846153846153,66.83589743589744,28.669999999999998,13.755384615384616
2025-08-02,24.835897435897436,66.94358974358974,31.31,13.607179487179488
2025-08-03,24.843589743589742,66.0974358974359,25.94,13.433333333333334
2025-08-04,24.806153846153844,66.47179487179487,33.99,12.782564102564102
2025-08-05,24.851794871794873,64.8974358974359,29.77,12.943076923076923
2025-08-06,24.636410256410258,65.7025641025641,27.41,13.317948717948719
2025-08-07,24.859487179487182,65.01538461538462,24.6,11.995384615384616
2025-08-08,25.090256410256412,65.4,30.380000000000003,12.178461538461539
2025-08-09,25.204615384615384,65.8,16.47,12.03076923076923
2025-08-10,25.363076923076925,65.32820512820513,19.62,11.655384615384616
2025-08-11,25.3774358974359,64.49230769230769,16.61,11.96923076923077
2025-08-12,25.52,63.06666666666667,22.74,12.061025641025642
2025-08-13,25.733333333333334,63.21025641025641,24.43,11.932307692307694
2025-08-14,25.632307692307695,64.68205128205128,30.13,11.90102564102564
2025-08-15,25.293333333333333,65.16923076923077,37.56,12.067692307692306
2025-08-16,25.117435897435897,65.84615384615384,24.29,12.845128205128207
2025-08-17,24.674871794871798,65.86153846153846,22.419999999999998,12.967692307692307
2025-08-18,24.245641025641024,69.27692307692308,24.64,12.993846153846155
2025-08-19,24.429230769230767,67.33846153846154,20.740000000000002,12.762564102564102
2025-08-20,25.292820512820516,64.8,37.13,13.653333333333334
2025-08-21,24.04307692307692,68.07179487179488,34.3,12.672307692307692
2025-08-22,23.96717948717949,67.98974358974358,34.97,11.5
2025-08-23,23.991752577319584,65.77319587628865,19.35,12.148453608247424
2025-08-24,23.752820512820513,66.35384615384615,40.18,12.693846153846154
2025-08-25,23.807692307692307,66.72820512820513,25.05,12.71128205128205
2025-08-26,24.121025641025643,66.44102564102565,19.96,13.02974358974359
2025-08-27,23.99897435897436,68.21538461538462,27.7,13.067179487179487
2025-08-28,24.8,66.13846153846154,21.220000000000002,13.081025641025642
2025-08-29,24.32051282051282,67.57435897435897,27.34,13.321538461538461
2025-08-30,24.504615384615384,67.82051282051282,40.47,12.26923076923077
2025-08-31,24.114871794871792,68.70769230769231,29.650000000000002,12.814358974358976
2025-09-01,24.214871794871794,68.17948717948718,26.85,13.49948717948718
2025-09-02,24.11948717948718,68.50769230769231,18.72,12.885128205128204
2025-09-03,24.327692307692306,67.48717948717949,25.5,12.806666666666668
2025-09-04,24.323589743589746,68.16410256410256,21.48,12.707179487179488
2025-09-05,24.159487179487183,69.07692307692308,63.36,12.543589743589743
2025-09-06,24.016923076923078,68.35897435897436,18.330000000000002,11.6
2025-09-07,23.905641025641028,68.84615384615384,18.51,11.212307692307693
2025-09-08,24.29435897435897,67.60512820512821,17.7,11.51025641025641
2025-09-09,24.268717948717946,67.64102564102564,34.01,11.606666666666667
2025-09-10,24.263076923076923,68.51794871794871,45.14,12.627692307692309
2025-09-11,23.817948717948717,70.0051282051282,45.63,13.125128205128206
2025-09-12,23.602577319587628,69.42268041237114,26.51,12.394329896907216
2025-09-13,23.467692307692307,69.9076923076923,18.67,11.792820512820512
2025-09-14,23.425128205128203,70.75384615384615,26.26,11.940000000000001
2025-09-15,23.782564102564105,68.29230769230769,21.04,12.964615384615383
2025-09-16,23.46717948717949,68.8,31.279999999999998,12.568205128205129
2025-09-17,23.025641025641026,69.81025641025641,28.61,12.081025641025642
2025-09-18,23.463076923076922,68.66153846153846,31.67,12.284615384615385
2025-09-19,23.49230769230769,68.22564102564102,22.62,12.147692307692308
2025-09-20,23.50769230769231,69.96410256410256,17.580000000000002,12.45179487179487
2025-09-21,23.604615384615382,68.2,25.62,12.692820512820512
2025-09-22,22.837948717948716,69.53846153846153,22.52,13.342051282051282
2025-09-23,22.628717948717952,67.92307692307692,22.43,12.45076923076923
2025-09-24,22.456701030927835,69.1701030927835,43.72,13.004123711340208
2025-09-25,21.968205128205128,70.02051282051282,18.2,12.34153846153846
2025-09-26,22.49179487179487,69.2102564102564,12.42,11.694871794871794
2025-09-27,22.28410256410256,71.04102564102564,23.900000000000002,11.221538461538461
2025-09-28,22.313333333333336,70.34871794871795,13.6,12.243076923076924
2025-09-29,21.90358974358974,70.85128205128206,47.03,11.965641025641027
2025-09-30,21.710824742268038,71.21134020618557,22.72,12.058762886597938
2025-10-01,21.097435897435897,71.58461538461539,33.54,11.47846153846154
2025-10-02,20.305612244897958,72.59693877551021,24.75,11.463775510204082
2025-10-03,19.884102564102566,72.9076923076923,46.660000000000004,10.715384615384615
2025-10-04,20.249743589743588,74.02051282051282,34.53,12.255897435897436
2025-10-05,20.67846153846154,73.65128205128205,45.06,12.337948717948718
2025-10-06,20.329896907216494,73.45876288659794,29.28,12.101030927835051
2025-10-07,21.467692307692307,69.2,21.25,10.571794871794872
2025-10-08,21.493333333333332,70.2974358974359,29.99,11.522051282051283
2025-10-09,21.524102564102563,71.02051282051282,18.09,11.656923076923077
2025-10-10,21.543589743589745,71.7948717948718,36.17,12.77076923076923
2025-10-11,21.78769230769231,69.94871794871794,23.37,12.354358974358973
2025-10-12,21.515897435897436,69.87179487179488,25.55,11.901538461538463
2025-10-13,21.166666666666668,70.33333333333333,25.58,12.006153846153845
2025-10-14,21.464102564102564,69.39487179487179,14.78,10.818974358974359
2025-10-15,20.98051282051282,70.84615384615384,16.41,10.527692307692309
2025-10-16,21.26820512820513,69.41538461538461,20.5,11.066666666666666
2025-10-17,21.08051282051282,70.32307692307693,18.88,11.225641025641025
2025-10-18,20.793846153846154,70.95897435897436,15.11,10.964102564102564
2025-10-19,19.946153846153845,71.37435897435897,24.169999999999998,11.548717948717949
2025-10-20,20.32061855670103,70.61855670103093,32.3,12.737113402061855
2025-10-21,20.567179487179487,70.25128205128205,19.46,13.113846153846152
2025-10-22,20.993333333333332,71.24102564102564,17.32,12.015384615384615
2025-10-23,21.49179487179487,69.87179487179488,24.92,13.693846153846154
2025-10-24,21.47025641025641,69.04102564102564,17.98,13.42051282051282
2025-10-25,21.14769230769231,69.15897435897436,31.13,12.106666666666667
2025-10-26,20.71025641025641,70.67179487179487,26.81,12.298461538461538
2025-10-27,20.62717948717949,70.16923076923077,24.259999999999998,13.792307692307693
2025-10-28,20.356410256410257,71.54871794871795,21.79,13.23948717948718
2025-10-29,20.255897435897435,72.26153846153846,15.36,11.353333333333333
2025-10-30,20.362051282051283,72.24102564102564,27.67,11.612307692307693
2025-10-31,20.157435897435896,72.2051282051282,30.49,11.326153846153845
2025-11-01,20.483076923076922,71.63076923076923,24.87,11.72051282051282
2025-11-02,20.26974358974359,71.43076923076923,20.4,11.553846153846154
2025-11-03,20.136410256410255,71.8,28.32,12.547692307692309
2025-11-04,19.63179487179487,71.51282051282051,25.240000000000002,11.68
2025-11-05,19.740000000000002,70.91794871794872,24.86,11.308717948717948
2025-11-06,19.58974358974359,70.92307692307692,18.77,11.569230769230769
2025-11-07,19.443589743589744,73.27692307692308,26.6,11.115384615384615
2025-11-08,19.281632653061223,73.62244897959184,33.66,10.83673469387755
2025-11-09,19.02,73.7948717948718,19.79,10.915897435897435
2025-11-10,19.025128205128205,72.75384615384615,23.1,10.61948717948718
2025-11-11,18.70974358974359,73.34358974358975,30.21,10.868717948717949
2025-11-12,18.739487179487178,73.54358974358975,24.81,10.796923076923077
2025-11-13,19.013846153846156,71.66153846153846,30.18,10.867692307692307
2025-11-14,18.615897435897434,72.75897435897436,27.95,11.675897435897436
2025-11-15,18.326153846153847,73.50256410256411,25.21,11.81128205128205
2025-11-16,18.226153846153846,74.45641025641025,47.51,10.82
2025-11-17,18.035384615384615,74.9948717948718,33.81,10.454871794871796
2025-11-18,17.82923076923077,73.21538461538462,34.43,11.58974358974359
2025-11-19,17.143589743589743,73.82051282051282,48.3,11.424615384615386
2025-11-20,17.32051282051282,73.86666666666666,19.3,11.88051282051282
2025-11-21,17.48974358974359,72.27179487179487,21.12,11.46205128205128
2025-11-22,17.3025641025641,71.96410256410256,27.720000000000002,11.708717948717947
2025-11-23,16.845641025641026,72.27179487179487,23.31,11.932307692307694
2025-11-24,17.432307692307692,71.42564102564103,22.080000000000002,11.654871794871793
2025-11-25,17.583076923076923,72.50769230769231,33.6,12.235384615384616
2025-11-26,17.392820512820514,71.68205128205128,25.98,11.557948717948719
2025-11-27,17.277948717948718,70.86153846153846,22.62,12.681538461538462
2025-11-28,17.242051282051282,71.24102564102564,18.63,12.170769230769231
2025-11-29,17.027179487179488,71.93333333333334,23.48,11.674358974358974
2025-11-30,16.853333333333335,73.56923076923077,14.5,11.292820512820512
2025-12-01,17.095384615384614,72.81538461538462,13.24,11.108717948717947
2025-12-02,16.981025641025642,73.92307692307692,17.82,10.644102564102564
2025-12-03,16.865128205128205,73.77948717948718,26.0,11.039487179487178
2025-12-04,17.00923076923077,75.08717948717948,23.29,11.612307692307693
2025-12-05,17.343589743589742,73.8,20.34,11.464615384615383
2025-12-06,17.546666666666667,73.95384615384616,24.88,11.82102564102564
2025-12-07,17.542564102564103,74.82051282051282,28.25,12.498461538461537
2025-12-08,17.41846153846154,75.84102564102564,33.41,12.627692307692309
2025-12-09,17.345641025641026,74.34358974358975,16.76,12.21948717948718
2025-12-10,17.13897435897436,76.71794871794872,23.93,11.183076923076921
2025-12-11,16.605128205128207,77.43589743589743,25.34,11.759487179487179
2025-12-12,16.693846153846156,75.94358974358974,18.91,11.221538461538461
2025-12-13,16.346666666666668,76.78461538461538,31.57,10.819487179487181
2025-12-14,16.365128205128205,75.58974358974359,13.73,12.665641025641026
2025-12-15,16.132307692307695,76.63589743589743,22.4,12.286153846153846
2025-12-16,16.21128205128205,76.03589743589744,20.65,12.325128205128205
2025-12-17,16.021538461538462,76.67692307692307,23.74,12.164615384615384
2025-12-18,15.978974358974359,77.52820512820513,19.9,11.943076923076923
2025-12-19,16.094358974358975,77.7025641025641,22.15,12.50923076923077
2025-12-20,15.864615384615384,77.57948717948717,26.25,11.432307692307694
2025-12-21,15.813333333333333,77.9948717948718,20.54,11.515897435897436
2025-12-22,16.003589743589743,76.2974358974359,16.43,11.507179487179487
2025-12-23,15.998461538461537,75.74871794871795,22.76,11.061538461538461
2025-12-24,15.842564102564104,75.0923076923077,26.650000000000002,12.254358974358974
2025-12-25,15.51128205128205,74.63076923076923,21.37,12.747692307692308
2025-12-26,14.942051282051281,74.7897435897436,19.67,11.576410256410258
2025-12-27,15.187692307692307,76.06666666666666,17.18,11.850769230769231
2025-12-28,15.467692307692307,73.46153846153847,18.48,13.23025641025641
2025-12-29,15.254871794871795,73.75384615384615,21.18,12.039487179487178
2025-12-30,14.805128205128206,74.8923076923077,18.58,13.023589743589744
2025-12-31,14.391794871794872,71.73846153846154,17.46,13.417435897435897
2026-01-01,14.013333333333334,72.39487179487179,14.459999999999999,12.406666666666668
2026-01-02,14.53076923076923,72.6974358974359,24.8,12.965128205128204
2026-01-03,15.115384615384615,73.58974358974359,17.46,12.253333333333334
2026-01-04,14.751282051282052,74.2974358974359,29.24,12.728205128205127
2026-01-05,14.184615384615384,74.76410256410256,41.78,11.476410256410256
2026-01-06,14.31128205128205,73.97948717948718,31.49,11.417948717948718
2026-01-07,14.701538461538462,73.59487179487179,26.0,11.731794871794872
2026-01-08,14.34769230769231,71.91282051282052,20.27,12.60974358974359
2026-01-09,15.018461538461539,71.37435897435897,29.69,14.196410256410257
2026-01-10,15.036923076923076,72.51282051282051,28.12,13.963076923076924
2026-01-11,14.071794871794872,72.46153846153847,26.69,13.50923076923077
2026-01-12,14.267525773195876,72.8659793814433,21.14,12.593298969072164
2026-01-13,15.02153846153846,72.92820512820512,27.09,12.45179487179487
2026-01-14,15.223076923076922,74.38461538461539,23.060000000000002,11.822051282051284
2026-01-15,15.015384615384615,76.41538461538461,13.379999999999999,11.977948717948717
2026-01-16,14.735897435897435,75.45641025641025,15.4,12.13076923076923
2026-01-17,14.309278350515465,75.4639175257732,22.07,12.38659793814433
2026-01-18,14.454301075268818,74.5,22.900000000000002,12.478494623655914
2026-01-19,3.9,99.0,0.0,3.6
2026-01-20,13.871649484536082,74.47422680412372,16.03,12.335051546391753
2026-01-21,13.665641025641026,72.43076923076923,17.48,13.649230769230769
2026-01-22,14.186153846153847,73.05128205128206,19.85,12.98974358974359
2026-01-23,14.60923076923077,72.96410256410256,19.53,12.217435897435898
2026-01-24,14.865641025641027,72.76410256410256,26.3,11.88923076923077
2026-01-25,15.054358974358975,73.82051282051282,15.48,12.75025641025641
2026-01-26,15.215897435897435,73.55897435897435,17.21,12.623076923076923
2026-01-27,15.366666666666667,73.68717948717949,34.54,12.960512820512822
2026-01-28,15.395897435897435,74.25641025641026,28.919999999999998,12.523076923076923
2026-01-29,15.393333333333333,74.67179487179487,21.76,11.914358974358976
2026-01-30,15.316410256410256,74.03076923076924,17.45,12.105641025641026
2026-01-31,15.393333333333333,73.96410256410256,27.62,12.189743589743589
2026-02-01,15.066153846153847,73.67692307692307,20.580000000000002,12.66871794871795
2026-02-02,14.66871794871795,73.07692307692308,15.89,11.881025641025643
2026-02-03,14.702061855670102,74.19587628865979,21.84,13.491237113402063
2026-02-04,15.535897435897436,73.67179487179487,14.42,12.516923076923078
2026-02-05,15.754871794871795,73.2,19.96,12.724102564102564
2026-02-06,15.631282051282051,73.61538461538461,24.42,12.374871794871794
2026-02-07,15.853333333333333,75.27692307692308,23.31,11.472307692307691
2026-02-08,15.432307692307694,74.81025641025641,10.25,10.773333333333333
2026-02-09,15.867525773195878,74.0,15.530000000000001,11.772680412371134
2026-02-10,16.18469387755102,74.74489795918367,19.9,12.170408163265307
2026-02-11,16.34102564102564,75.14358974358974,21.96,12.10051282051282
2026-02-12,16.747938144329897,74.52061855670104,30.0,12.186082474226804
2026-02-13,16.883589743589745,73.91282051282052,17.07,12.608205128205128
2026-02-14,16.51938775510204,72.78571428571429,21.82,13.039285714285713
2026-02-15,15.795897435897436,72.16923076923077,24.580000000000002,12.67897435897436
2026-02-16,16.036410256410257,71.46666666666667,33.77,12.805128205128206
2026-02-17,16.047179487179488,71.75897435897436,20.69,12.265128205128205
2026-02-18,15.99025641025641,70.38974358974359,18.25,12.303589743589743
2026-02-19,16.234871794871797,70.9025641025641,15.75,11.878974358974359
2026-02-20,16.512307692307694,69.74871794871795,25.28,11.97025641025641
2026-02-21,16.154871794871795,72.91794871794872,22.93,11.983589743589745
2026-02-22,16.668717948717948,72.55897435897435,19.080000000000002,12.221538461538461
2026-02-23,16.45230769230769,72.2,17.12,12.213333333333333
2026-02-24,16.508205128205127,72.85641025641026,17.87,11.254358974358974
2026-02-25,16.145128205128206,73.1076923076923,17.22,11.27897435897436
2026-02-26,16.213846153846152,72.94871794871794,18.41,12.272820512820513
2026-02-27,15.891282051282053,73.0051282051282,16.24,11.649230769230769
2026-02-28,16.24923076923077,73.26153846153846,10.86,11.77076923076923
2026-03-01,16.09025641025641,73.56923076923077,21.98,11.238461538461538
2026-03-02,16.196410256410257,74.24615384615385,19.12,11.58974358974359
2026-03-03,16.214358974358976,75.11794871794872,17.13,12.2
2026-03-04,16.72974358974359,73.8923076923077,19.82,12.11025641025641
2026-03-05,16.87846153846154,73.04102564102564,19.75,11.591282051282052
2026-03-06,16.654871794871795,73.1948717948718,18.16,11.935384615384615
2026-03-07,16.89896907216495,72.74742268041237,18.08,12.006185567010307
2026-03-08,16.228947368421053,73.06140350877193,8.25,11.786842105263158
2026-03-09,17.474489795918366,72.87755102040816,7.09,10.842857142857142
2026-03-10,16.651530612244898,71.85204081632654,19.69,12.93826530612245
2026-03-11,16.985641025641026,71.47692307692307,11.49,12.351794871794871
2026-03-12,17.134871794871795,72.61025641025641,12.27,11.601538461538462
2026-03-13,16.927692307692308,73.54358974358975,20.84,11.947692307692309
2026-03-14,17.447692307692307,72.46666666666667,21.55,11.856410256410257
2026-03-15,17.250256410256412,73.53846153846153,24.86,12.52153846153846
2026-03-16,17.291282051282053,72.8974358974359,14.35,12.648205128205129
2026-03-17,17.57589743589744,72.62564102564103,19.26,11.39897435897436
2026-03-18,17.666666666666668,72.52820512820513,24.330000000000002,12.24974358974359
2026-03-19,17.453333333333333,72.85641025641026,30.87,11.703076923076923
2026-03-20,17.001538461538463,74.33333333333333,21.28,11.595897435897434
2026-03-21,17.45025641025641,73.3076923076923,23.73,11.530256410256412
2026-03-22,17.465641025641027,73.2974358974359,23.88,11.263589743589744
2026-03-23,17.569743589743588,74.91282051282052,13.290000000000001,10.02051282051282
2026-03-24,17.739690721649485,73.80412371134021,23.009999999999998,10.42680412371134
